ordinal,opcode,decoder_status,family,sources,destinations,predication,nat_rule,may_fault,tb_end,lowering_owner,focused_helper_whitelist,test_owner,typed_admission,closure,legacy_oracle,reference_tcg,exception_tests,system_evidence
0,IA64_OP_ILLEGAL,illegal,illegal,none,none,none,none,explicit,control-flow,illegal,none,decode,n/a,n/a,n/a,n/a,decode,none
1,IA64_OP_NOP,live,hint,none,none,normal,none,none,continue,direct-tcg,none,full-tcg,full,closed,yes,yes,none,no-os
2,IA64_OP_BREAK,live,break,none,control,normal,none,explicit,control-flow,focused-helper,system-plane,full-tcg,full,closed,yes,yes,no-os,no-os
3,IA64_OP_ADDS,live,integer,gr,gr,normal,propagate,nat,continue,direct-tcg,none,full-tcg,full,closed,yes,yes,none,no-os
4,IA64_OP_ADDL,live,integer,gr,gr,normal,propagate,nat,continue,direct-tcg,none,full-tcg,full,closed,yes,yes,none,no-os
5,IA64_OP_SHLADD,live,integer,gr,gr,normal,propagate,nat,continue,direct-tcg,none,full-tcg,full,closed,yes,yes,none,no-os
6,IA64_OP_ADD,live,integer,gr,gr,normal,propagate,nat,continue,direct-tcg,none,full-tcg,full,closed,yes,yes,none,no-os
7,IA64_OP_ADD_ONE,live,integer,gr,gr,normal,propagate,nat,continue,direct-tcg,none,full-tcg,full,closed,yes,yes,none,no-os
8,IA64_OP_SUB,live,integer,gr,gr,normal,propagate,nat,continue,direct-tcg,none,full-tcg,full,closed,yes,yes,none,no-os
9,IA64_OP_SUB_ONE,live,integer,gr,gr,normal,propagate,nat,continue,direct-tcg,none,full-tcg,full,closed,yes,yes,none,no-os
10,IA64_OP_AND,live,integer,gr,gr,normal,propagate,nat,continue,direct-tcg,none,full-tcg,full,closed,yes,yes,none,no-os
11,IA64_OP_ANDCM,live,integer,gr,gr,normal,propagate,nat,continue,direct-tcg,none,full-tcg,full,closed,yes,yes,none,no-os
12,IA64_OP_OR,live,integer,gr,gr,normal,propagate,nat,continue,direct-tcg,none,full-tcg,full,closed,yes,yes,none,no-os
13,IA64_OP_XOR,live,integer,gr,gr,normal,propagate,nat,continue,direct-tcg,none,full-tcg,full,closed,yes,yes,none,no-os
14,IA64_OP_SUB_IMM,live,integer,gr,gr,normal,propagate,nat,continue,direct-tcg,none,full-tcg,full,closed,yes,yes,none,no-os
15,IA64_OP_AND_IMM,live,integer,gr,gr,normal,propagate,nat,continue,direct-tcg,none,full-tcg,full,closed,yes,yes,none,no-os
16,IA64_OP_ANDCM_IMM,live,integer,gr,gr,normal,propagate,nat,continue,direct-tcg,none,full-tcg,full,closed,yes,yes,none,no-os
17,IA64_OP_OR_IMM,live,integer,gr,gr,normal,propagate,nat,continue,direct-tcg,none,full-tcg,full,closed,yes,yes,none,no-os
18,IA64_OP_XOR_IMM,live,integer,gr,gr,normal,propagate,nat,continue,direct-tcg,none,full-tcg,full,closed,yes,yes,none,no-os
19,IA64_OP_CMP_EQ,live,integer-compare,gr,pr,special,consume,nat,continue,direct-tcg,none,full-tcg,full,closed,yes,yes,none,no-os
20,IA64_OP_CMP_LT,live,integer-compare,gr,pr,special,consume,nat,continue,direct-tcg,none,full-tcg,full,closed,yes,yes,none,no-os
21,IA64_OP_CMP_LE,decoder-dead-alias,integer-compare,gr,pr,special,consume,nat,continue,canonical-alias,none,decode,n/a,alias-canonicalized,n/a,n/a,none,none
22,IA64_OP_CMP_GT,decoder-dead-alias,integer-compare,gr,pr,special,consume,nat,continue,canonical-alias,none,decode,n/a,alias-canonicalized,n/a,n/a,none,none
23,IA64_OP_CMP_GE,decoder-dead-alias,integer-compare,gr,pr,special,consume,nat,continue,canonical-alias,none,decode,n/a,alias-canonicalized,n/a,n/a,none,none
24,IA64_OP_CMP_LTU,live,integer-compare,gr,pr,special,consume,nat,continue,direct-tcg,none,full-tcg,full,closed,yes,yes,none,no-os
25,IA64_OP_CMP_LEU,decoder-dead-alias,integer-compare,gr,pr,special,consume,nat,continue,canonical-alias,none,decode,n/a,alias-canonicalized,n/a,n/a,none,none
26,IA64_OP_CMP_GTU,decoder-dead-alias,integer-compare,gr,pr,special,consume,nat,continue,canonical-alias,none,decode,n/a,alias-canonicalized,n/a,n/a,none,none
27,IA64_OP_CMP_GEU,decoder-dead-alias,integer-compare,gr,pr,special,consume,nat,continue,canonical-alias,none,decode,n/a,alias-canonicalized,n/a,n/a,none,none
28,IA64_OP_CMP_NE,decoder-dead-alias,integer-compare,gr,pr,special,consume,nat,continue,canonical-alias,none,decode,n/a,alias-canonicalized,n/a,n/a,none,none
29,IA64_OP_CMP_EQ_AND,live,integer-compare,gr,pr,special,consume,nat,continue,direct-tcg,none,full-tcg,full,closed,yes,yes,none,no-os
30,IA64_OP_CMP_NE_AND,live,integer-compare,gr,pr,special,consume,nat,continue,direct-tcg,none,full-tcg,full,closed,yes,yes,none,no-os
31,IA64_OP_CMP_GT_AND,live,integer-compare,gr,pr,special,consume,nat,continue,direct-tcg,none,full-tcg,full,closed,yes,yes,none,no-os
32,IA64_OP_CMP_LE_AND,live,integer-compare,gr,pr,special,consume,nat,continue,direct-tcg,none,full-tcg,full,closed,yes,yes,none,no-os
33,IA64_OP_CMP_GE_AND,live,integer-compare,gr,pr,special,consume,nat,continue,direct-tcg,none,full-tcg,full,closed,yes,yes,none,no-os
34,IA64_OP_CMP_LT_AND,live,integer-compare,gr,pr,special,consume,nat,continue,direct-tcg,none,full-tcg,full,closed,yes,yes,none,no-os
35,IA64_OP_CMP_EQ_OR,live,integer-compare,gr,pr,special,consume,nat,continue,direct-tcg,none,full-tcg,full,closed,yes,yes,none,no-os
36,IA64_OP_CMP_NE_OR,live,integer-compare,gr,pr,special,consume,nat,continue,direct-tcg,none,full-tcg,full,closed,yes,yes,none,no-os
37,IA64_OP_CMP_GT_OR,live,integer-compare,gr,pr,special,consume,nat,continue,direct-tcg,none,full-tcg,full,closed,yes,yes,none,no-os
38,IA64_OP_CMP_LE_OR,live,integer-compare,gr,pr,special,consume,nat,continue,direct-tcg,none,full-tcg,full,closed,yes,yes,none,no-os
39,IA64_OP_CMP_GE_OR,live,integer-compare,gr,pr,special,consume,nat,continue,direct-tcg,none,full-tcg,full,closed,yes,yes,none,no-os
40,IA64_OP_CMP_LT_OR,live,integer-compare,gr,pr,special,consume,nat,continue,direct-tcg,none,full-tcg,full,closed,yes,yes,none,no-os
41,IA64_OP_CMP_EQ_OR_ANDCM,live,integer-compare,gr,pr,special,consume,nat,continue,direct-tcg,none,full-tcg,full,closed,yes,yes,none,no-os
42,IA64_OP_CMP_NE_OR_ANDCM,live,integer-compare,gr,pr,special,consume,nat,continue,direct-tcg,none,full-tcg,full,closed,yes,yes,none,no-os
43,IA64_OP_CMP_GT_OR_ANDCM,live,integer-compare,gr,pr,special,consume,nat,continue,direct-tcg,none,full-tcg,full,closed,yes,yes,none,no-os
44,IA64_OP_CMP_LE_OR_ANDCM,live,integer-compare,gr,pr,special,consume,nat,continue,direct-tcg,none,full-tcg,full,closed,yes,yes,none,no-os
45,IA64_OP_CMP_GE_OR_ANDCM,live,integer-compare,gr,pr,special,consume,nat,continue,direct-tcg,none,full-tcg,full,closed,yes,yes,none,no-os
46,IA64_OP_CMP_LT_OR_ANDCM,live,integer-compare,gr,pr,special,consume,nat,continue,direct-tcg,none,full-tcg,full,closed,yes,yes,none,no-os
47,IA64_OP_CMP_EQ_IMM,live,integer-compare,gr,pr,special,consume,nat,continue,direct-tcg,none,full-tcg,full,closed,yes,yes,none,no-os
48,IA64_OP_CMP_LT_IMM,live,integer-compare,gr,pr,special,consume,nat,continue,direct-tcg,none,full-tcg,full,closed,yes,yes,none,no-os
49,IA64_OP_CMP_EQ_AND_IMM,live,integer-compare,gr,pr,special,consume,nat,continue,direct-tcg,none,full-tcg,full,closed,yes,yes,none,no-os
50,IA64_OP_CMP_NE_AND_IMM,live,integer-compare,gr,pr,special,consume,nat,continue,direct-tcg,none,full-tcg,full,closed,yes,yes,none,no-os
51,IA64_OP_CMP_EQ_OR_IMM,live,integer-compare,gr,pr,special,consume,nat,continue,direct-tcg,none,full-tcg,full,closed,yes,yes,none,no-os
52,IA64_OP_CMP_NE_OR_IMM,live,integer-compare,gr,pr,special,consume,nat,continue,direct-tcg,none,full-tcg,full,closed,yes,yes,none,no-os
53,IA64_OP_CMP_EQ_OR_ANDCM_IMM,live,integer-compare,gr,pr,special,consume,nat,continue,direct-tcg,none,full-tcg,full,closed,yes,yes,none,no-os
54,IA64_OP_CMP_NE_OR_ANDCM_IMM,live,integer-compare,gr,pr,special,consume,nat,continue,direct-tcg,none,full-tcg,full,closed,yes,yes,none,no-os
55,IA64_OP_CMP4_EQ_AND,live,integer-compare,gr,pr,special,consume,nat,continue,direct-tcg,none,full-tcg,full,closed,yes,yes,none,no-os
56,IA64_OP_CMP4_NE_AND,live,integer-compare,gr,pr,special,consume,nat,continue,direct-tcg,none,full-tcg,full,closed,yes,yes,none,no-os
57,IA64_OP_CMP4_EQ_OR,live,integer-compare,gr,pr,special,consume,nat,continue,direct-tcg,none,full-tcg,full,closed,yes,yes,none,no-os
58,IA64_OP_CMP4_NE_OR,live,integer-compare,gr,pr,special,consume,nat,continue,direct-tcg,none,full-tcg,full,closed,yes,yes,none,no-os
59,IA64_OP_CMP4_EQ_OR_ANDCM,live,integer-compare,gr,pr,special,consume,nat,continue,direct-tcg,none,full-tcg,full,closed,yes,yes,none,no-os
60,IA64_OP_CMP4_NE_OR_ANDCM,live,integer-compare,gr,pr,special,consume,nat,continue,direct-tcg,none,full-tcg,full,closed,yes,yes,none,no-os
61,IA64_OP_CMP4_GT_AND,live,integer-compare,gr,pr,special,consume,nat,continue,direct-tcg,none,full-tcg,full,closed,yes,yes,none,no-os
62,IA64_OP_CMP4_LE_AND,live,integer-compare,gr,pr,special,consume,nat,continue,direct-tcg,none,full-tcg,full,closed,yes,yes,none,no-os
63,IA64_OP_CMP4_GE_AND,live,integer-compare,gr,pr,special,consume,nat,continue,direct-tcg,none,full-tcg,full,closed,yes,yes,none,no-os
64,IA64_OP_CMP4_LT_AND,live,integer-compare,gr,pr,special,consume,nat,continue,direct-tcg,none,full-tcg,full,closed,yes,yes,none,no-os
65,IA64_OP_CMP4_GT_OR,live,integer-compare,gr,pr,special,consume,nat,continue,direct-tcg,none,full-tcg,full,closed,yes,yes,none,no-os
66,IA64_OP_CMP4_LE_OR,live,integer-compare,gr,pr,special,consume,nat,continue,direct-tcg,none,full-tcg,full,closed,yes,yes,none,no-os
67,IA64_OP_CMP4_GE_OR,live,integer-compare,gr,pr,special,consume,nat,continue,direct-tcg,none,full-tcg,full,closed,yes,yes,none,no-os
68,IA64_OP_CMP4_LT_OR,live,integer-compare,gr,pr,special,consume,nat,continue,direct-tcg,none,full-tcg,full,closed,yes,yes,none,no-os
69,IA64_OP_CMP4_GT_OR_ANDCM,live,integer-compare,gr,pr,special,consume,nat,continue,direct-tcg,none,full-tcg,full,closed,yes,yes,none,no-os
70,IA64_OP_CMP4_LE_OR_ANDCM,live,integer-compare,gr,pr,special,consume,nat,continue,direct-tcg,none,full-tcg,full,closed,yes,yes,none,no-os
71,IA64_OP_CMP4_GE_OR_ANDCM,live,integer-compare,gr,pr,special,consume,nat,continue,direct-tcg,none,full-tcg,full,closed,yes,yes,none,no-os
72,IA64_OP_CMP4_LT_OR_ANDCM,live,integer-compare,gr,pr,special,consume,nat,continue,direct-tcg,none,full-tcg,full,closed,yes,yes,none,no-os
73,IA64_OP_CMP4_EQ_OR_ANDCM_IMM,live,integer-compare,gr,pr,special,consume,nat,continue,direct-tcg,none,full-tcg,full,closed,yes,yes,none,no-os
74,IA64_OP_CMP4_NE_OR_ANDCM_IMM,live,integer-compare,gr,pr,special,consume,nat,continue,direct-tcg,none,full-tcg,full,closed,yes,yes,none,no-os
75,IA64_OP_CMP_LTU_IMM,live,integer-compare,gr,pr,special,consume,nat,continue,direct-tcg,none,full-tcg,full,closed,yes,yes,none,no-os
76,IA64_OP_LD1,live,integer-load,gr|memory,gr|alat,normal,memory,memory,continue,direct-tcg,none,full-tcg,full,closed,yes,yes,memory,no-os
77,IA64_OP_LD2,live,integer-load,gr|memory,gr|alat,normal,memory,memory,continue,direct-tcg,none,full-tcg,full,closed,yes,yes,memory,no-os
78,IA64_OP_LD4,live,integer-load,gr|memory,gr|alat,normal,memory,memory,continue,direct-tcg,none,full-tcg,full,closed,yes,yes,memory,no-os
79,IA64_OP_LD8,live,integer-load,gr|memory,gr|alat,normal,memory,memory,continue,direct-tcg,none,full-tcg,full,closed,yes,yes,memory,no-os
80,IA64_OP_LD1S,live,integer-load,gr|memory,gr|alat,normal,memory,memory,continue,focused-helper,special-ldst,data-plane,full,closed,yes,yes,memory,no-os
81,IA64_OP_LD2S,live,integer-load,gr|memory,gr|alat,normal,memory,memory,continue,focused-helper,special-ldst,data-plane,full,closed,yes,yes,memory,no-os
82,IA64_OP_LD4S,live,integer-load,gr|memory,gr|alat,normal,memory,memory,continue,focused-helper,special-ldst,data-plane,full,closed,yes,yes,memory,no-os
83,IA64_OP_LD8S,live,integer-load,gr|memory,gr|alat,normal,memory,memory,continue,focused-helper,special-ldst,data-plane,full,closed,yes,yes,memory,no-os
84,IA64_OP_LD1A,live,integer-load,gr|memory,gr|alat,normal,memory,memory,continue,focused-helper,special-ldst,data-plane,full,closed,yes,yes,memory,no-os
85,IA64_OP_LD2A,live,integer-load,gr|memory,gr|alat,normal,memory,memory,continue,focused-helper,special-ldst,data-plane,full,closed,yes,yes,memory,no-os
86,IA64_OP_LD4A,live,integer-load,gr|memory,gr|alat,normal,memory,memory,continue,focused-helper,special-ldst,data-plane,full,closed,yes,yes,memory,no-os
87,IA64_OP_LD8A,live,integer-load,gr|memory,gr|alat,normal,memory,memory,continue,focused-helper,special-ldst,data-plane,full,closed,yes,yes,memory,no-os
88,IA64_OP_LD1SA,live,integer-load,gr|memory,gr|alat,normal,memory,memory,continue,focused-helper,special-ldst,data-plane,full,closed,yes,yes,memory,no-os
89,IA64_OP_LD2SA,live,integer-load,gr|memory,gr|alat,normal,memory,memory,continue,focused-helper,special-ldst,data-plane,full,closed,yes,yes,memory,no-os
90,IA64_OP_LD4SA,live,integer-load,gr|memory,gr|alat,normal,memory,memory,continue,focused-helper,special-ldst,data-plane,full,closed,yes,yes,memory,no-os
91,IA64_OP_LD8SA,live,integer-load,gr|memory,gr|alat,normal,memory,memory,continue,focused-helper,special-ldst,data-plane,full,closed,yes,yes,memory,no-os
92,IA64_OP_LD1FILL,decoder-dead-alias,integer-load,gr|memory,gr|alat,normal,memory,memory,continue,canonical-alias,none,decode,n/a,alias-canonicalized,n/a,n/a,none,none
93,IA64_OP_LD2FILL,decoder-dead-alias,integer-load,gr|memory,gr|alat,normal,memory,memory,continue,canonical-alias,none,decode,n/a,alias-canonicalized,n/a,n/a,none,none
94,IA64_OP_LD4FILL,decoder-dead-alias,integer-load,gr|memory,gr|alat,normal,memory,memory,continue,canonical-alias,none,decode,n/a,alias-canonicalized,n/a,n/a,none,none
95,IA64_OP_LD8FILL,live,integer-load,gr|memory,gr|alat,normal,memory,memory,continue,focused-helper,special-ldst,data-plane,full,closed,yes,yes,memory,no-os
96,IA64_OP_ST1,live,integer-store,gr,gr|memory,normal,consume,memory|nat,continue,direct-tcg,none,full-tcg,full,closed,yes,yes,memory,no-os
97,IA64_OP_ST2,live,integer-store,gr,gr|memory,normal,consume,memory|nat,continue,direct-tcg,none,full-tcg,full,closed,yes,yes,memory,no-os
98,IA64_OP_ST4,live,integer-store,gr,gr|memory,normal,consume,memory|nat,continue,direct-tcg,none,full-tcg,full,closed,yes,yes,memory,no-os
99,IA64_OP_ST8,live,integer-store,gr,gr|memory,normal,consume,memory|nat,continue,direct-tcg,none,full-tcg,full,closed,yes,yes,memory,no-os
100,IA64_OP_ST16,live,integer-store,gr,gr|memory,normal,consume,memory|nat,continue,direct-tcg,none,data-plane,full,closed,yes,yes,memory,no-os
101,IA64_OP_ST1REL,live,integer-store,gr,gr|memory,normal,consume,memory|nat,continue,direct-tcg,none,full-tcg,full,closed,yes,yes,memory,no-os
102,IA64_OP_ST2REL,live,integer-store,gr,gr|memory,normal,consume,memory|nat,continue,direct-tcg,none,full-tcg,full,closed,yes,yes,memory,no-os
103,IA64_OP_ST4REL,live,integer-store,gr,gr|memory,normal,consume,memory|nat,continue,direct-tcg,none,full-tcg,full,closed,yes,yes,memory,no-os
104,IA64_OP_ST8REL,live,integer-store,gr,gr|memory,normal,consume,memory|nat,continue,direct-tcg,none,full-tcg,full,closed,yes,yes,memory,no-os
105,IA64_OP_ST1SPILL,decoder-dead-alias,integer-store,gr,gr|memory,normal,consume,memory|nat,continue,canonical-alias,none,decode,n/a,alias-canonicalized,n/a,n/a,none,none
106,IA64_OP_ST2SPILL,decoder-dead-alias,integer-store,gr,gr|memory,normal,consume,memory|nat,continue,canonical-alias,none,decode,n/a,alias-canonicalized,n/a,n/a,none,none
107,IA64_OP_ST4SPILL,decoder-dead-alias,integer-store,gr,gr|memory,normal,consume,memory|nat,continue,canonical-alias,none,decode,n/a,alias-canonicalized,n/a,n/a,none,none
108,IA64_OP_ST8SPILL,live,integer-store,gr,gr|memory,normal,consume,memory|nat,continue,focused-helper,special-ldst,data-plane,full,closed,yes,yes,memory,no-os
109,IA64_OP_BR_COND,live,branch,pr|br|ar|ip,pr|ar|ip,normal,none,none,control-flow,direct-tcg,none,full-tcg,full,closed,yes,yes,none,no-os
110,IA64_OP_BR_INDIRECT,live,branch,pr|br|ar|ip,pr|ar|ip,normal,none,none,control-flow,direct-tcg,none,full-tcg,full,closed,yes,yes,none,no-os
111,IA64_OP_BR_CALL,live,call,pr|br|cfm|rse,br|ar|cfm|rse|ip,normal,none,rse,control-flow,direct-tcg,call-frame,full-tcg,full,closed,yes,yes,none,no-os
112,IA64_OP_BR_CALL_INDIRECT,live,call,pr|br|cfm|rse,br|ar|cfm|rse|ip,normal,none,rse,control-flow,direct-tcg,call-frame,full-tcg,full,closed,yes,yes,none,no-os
113,IA64_OP_BR_RET,live,return,pr|br|ar|cfm|rse,cfm|rse|ip,normal,none,memory|rse,control-flow,direct-tcg,return-frame,rse,full,closed,yes,yes,rse,snapshot
114,IA64_OP_BR_IA,live,branch,pr|br|ar|ip,pr|ar|ip,normal,none,none,control-flow,focused-helper,system-plane,full-tcg,full,closed,yes,yes,no-os,no-os
115,IA64_OP_BR_CLOOP,live,branch,pr|br|ar|ip,pr|ar|ip,normal,none,none,control-flow,direct-tcg,none,full-tcg,full,closed,yes,yes,none,no-os
116,IA64_OP_SHL,live,integer,gr,gr,normal,propagate,nat,continue,direct-tcg,none,full-tcg,full,closed,yes,yes,none,no-os
117,IA64_OP_SHR,live,integer,gr,gr,normal,propagate,nat,continue,direct-tcg,none,full-tcg,full,closed,yes,yes,none,no-os
118,IA64_OP_SHRU,live,integer,gr,gr,normal,propagate,nat,continue,direct-tcg,none,full-tcg,full,closed,yes,yes,none,no-os
119,IA64_OP_SHL_IMM,decoder-dead-alias,integer,gr,gr,normal,propagate,nat,continue,canonical-alias,none,decode,n/a,alias-canonicalized,n/a,n/a,none,none
120,IA64_OP_SHR_IMM,decoder-dead-alias,integer,gr,gr,normal,propagate,nat,continue,canonical-alias,none,decode,n/a,alias-canonicalized,n/a,n/a,none,none
121,IA64_OP_SHRU_IMM,decoder-dead-alias,integer,gr,gr,normal,propagate,nat,continue,canonical-alias,none,decode,n/a,alias-canonicalized,n/a,n/a,none,none
122,IA64_OP_SHRP_IMM,live,integer,gr,gr,normal,propagate,nat,continue,direct-tcg,none,full-tcg,full,closed,yes,yes,none,no-os
123,IA64_OP_DEPZ,live,integer,gr,gr,normal,propagate,nat,continue,direct-tcg,none,full-tcg,full,closed,yes,yes,none,no-os
124,IA64_OP_DEPZ_IMM,live,integer,gr,gr,normal,propagate,nat,continue,direct-tcg,none,full-tcg,full,closed,yes,yes,none,no-os
125,IA64_OP_DEP,live,integer,gr,gr,normal,propagate,nat,continue,direct-tcg,none,full-tcg,full,closed,yes,yes,none,no-os
126,IA64_OP_DEP_IMM,live,integer,gr,gr,normal,propagate,nat,continue,direct-tcg,none,full-tcg,full,closed,yes,yes,none,no-os
127,IA64_OP_EXTR,live,integer,gr,gr,normal,propagate,nat,continue,direct-tcg,none,full-tcg,full,closed,yes,yes,none,no-os
128,IA64_OP_EXTRU,live,integer,gr,gr,normal,propagate,nat,continue,direct-tcg,none,full-tcg,full,closed,yes,yes,none,no-os
129,IA64_OP_SXT1,live,integer,gr,gr,normal,propagate,nat,continue,direct-tcg,none,full-tcg,full,closed,yes,yes,none,no-os
130,IA64_OP_SXT2,live,integer,gr,gr,normal,propagate,nat,continue,direct-tcg,none,full-tcg,full,closed,yes,yes,none,no-os
131,IA64_OP_SXT4,live,integer,gr,gr,normal,propagate,nat,continue,direct-tcg,none,full-tcg,full,closed,yes,yes,none,no-os
132,IA64_OP_ZXT1,live,integer,gr,gr,normal,propagate,nat,continue,direct-tcg,none,full-tcg,full,closed,yes,yes,none,no-os
133,IA64_OP_ZXT2,live,integer,gr,gr,normal,propagate,nat,continue,direct-tcg,none,full-tcg,full,closed,yes,yes,none,no-os
134,IA64_OP_ZXT4,live,integer,gr,gr,normal,propagate,nat,continue,direct-tcg,none,full-tcg,full,closed,yes,yes,none,no-os
135,IA64_OP_PADD1,live,packed-integer,gr,gr,normal,propagate,nat,continue,direct-tcg,none,full-tcg,full,closed,yes,yes,none,no-os
136,IA64_OP_PADD2,live,packed-integer,gr,gr,normal,propagate,nat,continue,direct-tcg,none,full-tcg,full,closed,yes,yes,none,no-os
137,IA64_OP_PADD4,live,packed-integer,gr,gr,normal,propagate,nat,continue,direct-tcg,none,full-tcg,full,closed,yes,yes,none,no-os
138,IA64_OP_PSUB1,live,packed-integer,gr,gr,normal,propagate,nat,continue,direct-tcg,none,full-tcg,full,closed,yes,yes,none,no-os
139,IA64_OP_PSUB2,live,packed-integer,gr,gr,normal,propagate,nat,continue,direct-tcg,none,full-tcg,full,closed,yes,yes,none,no-os
140,IA64_OP_PSUB4,live,packed-integer,gr,gr,normal,propagate,nat,continue,direct-tcg,none,full-tcg,full,closed,yes,yes,none,no-os
141,IA64_OP_PSHLADD2,live,packed-integer,gr,gr,normal,propagate,nat,continue,direct-tcg,none,full-tcg,full,closed,yes,yes,none,no-os
142,IA64_OP_PSHRADD2,live,packed-integer,gr,gr,normal,propagate,nat,continue,direct-tcg,none,full-tcg,full,closed,yes,yes,none,no-os
143,IA64_OP_XCHG1,live,atomic,gr|memory,gr|memory|alat,normal,consume,memory|nat,continue,direct-tcg,none,data-plane,full,closed,yes,yes,memory,no-os
144,IA64_OP_XCHG2,live,atomic,gr|memory,gr|memory|alat,normal,consume,memory|nat,continue,direct-tcg,none,data-plane,full,closed,yes,yes,memory,no-os
145,IA64_OP_XCHG4,live,atomic,gr|memory,gr|memory|alat,normal,consume,memory|nat,continue,direct-tcg,none,data-plane,full,closed,yes,yes,memory,no-os
146,IA64_OP_XCHG8,live,atomic,gr|memory,gr|memory|alat,normal,consume,memory|nat,continue,direct-tcg,none,data-plane,full,closed,yes,yes,memory,no-os
147,IA64_OP_CMPXCHG1,live,atomic,gr|memory,gr|memory|alat,normal,consume,memory|nat,continue,focused-helper,atomic,data-plane,full,closed,yes,yes,memory,no-os
148,IA64_OP_CMPXCHG2,live,atomic,gr|memory,gr|memory|alat,normal,consume,memory|nat,continue,focused-helper,atomic,data-plane,full,closed,yes,yes,memory,no-os
149,IA64_OP_CMPXCHG4,live,atomic,gr|memory,gr|memory|alat,normal,consume,memory|nat,continue,focused-helper,atomic,data-plane,full,closed,yes,yes,memory,no-os
150,IA64_OP_CMPXCHG8,live,atomic,gr|memory,gr|memory|alat,normal,consume,memory|nat,continue,focused-helper,atomic,data-plane,full,closed,yes,yes,memory,no-os
151,IA64_OP_CMP8XCHG16,live,atomic,gr|memory,gr|memory|alat,normal,consume,memory|nat,continue,focused-helper,atomic,data-plane,full,closed,yes,yes,memory,no-os
152,IA64_OP_FETCHADD4,live,atomic,gr|memory,gr|memory|alat,normal,consume,memory|nat,continue,direct-tcg,none,data-plane,full,closed,yes,yes,memory,no-os
153,IA64_OP_FETCHADD8,live,atomic,gr|memory,gr|memory|alat,normal,consume,memory|nat,continue,direct-tcg,none,data-plane,full,closed,yes,yes,memory,no-os
154,IA64_OP_MOVL,live,integer,gr,gr,normal,propagate,nat,continue,direct-tcg,none,full-tcg,full,closed,yes,yes,none,no-os
155,IA64_OP_MOV_BRGR,live,move-br-to-gr,br,gr,normal,none,none,continue,direct-tcg,none,full-tcg,full,closed,yes,yes,none,no-os
156,IA64_OP_MOV_GRBR,live,move-gr-to-br,gr,br,normal,consume,nat,continue,direct-tcg,none,full-tcg,full,closed,yes,yes,none,no-os
157,IA64_OP_MOV_PRGR,live,move-pr-to-gr,pr,gr,normal,none,none,continue,direct-tcg,none,full-tcg,full,closed,yes,yes,none,no-os
158,IA64_OP_MOV_GRPR,live,move-gr-to-pr,gr,pr,normal,consume,nat,continue,direct-tcg,none,full-tcg,full,closed,yes,yes,none,no-os
159,IA64_OP_MOV_PR_ROT_IMM,live,move-gr-to-pr,gr,pr,normal,consume,nat,continue,direct-tcg,none,full-tcg,full,closed,yes,yes,none,no-os
160,IA64_OP_MOV_ARGR,live,move-ar-to-gr,ar,gr,normal,none,privileged,continue,focused-helper,system-plane,full-tcg,full,closed,yes,yes,no-os,no-os
161,IA64_OP_MOV_GRAR,live,move-gr-to-ar,gr,ar,normal,consume,nat|privileged,continue,focused-helper,system-plane,full-tcg,full,closed,yes,yes,no-os,no-os
162,IA64_OP_MOV_IMMAR,live,move-gr-to-ar,gr,ar,normal,consume,nat|privileged,continue,focused-helper,system-plane,full-tcg,full,closed,yes,yes,no-os,no-os
163,IA64_OP_MOV_CRGR,live,move-cr-to-gr,cr,gr,normal,none,privileged,continue,focused-helper,system-plane,full-tcg,full,closed,yes,yes,no-os,no-os
164,IA64_OP_MOV_GRCR,live,move-gr-to-cr,gr,cr,normal,consume,nat|privileged,serialize,focused-helper,system-plane,full-tcg,full,closed,yes,yes,no-os,no-os
165,IA64_OP_SSM,live,state-control,gr|psr|control,psr|control,normal,none,privileged,serialize,focused-helper,system-plane,full-tcg,full,closed,yes,yes,no-os,no-os
166,IA64_OP_RSM,live,state-control,gr|psr|control,psr|control,normal,none,privileged,serialize,focused-helper,system-plane,full-tcg,full,closed,yes,yes,no-os,no-os
167,IA64_OP_COVER,live,rse,gr|ar|cfm|rse|memory,gr|ar|cfm|rse|memory,normal,special,memory|rse|privileged,serialize,focused-helper,rse-spine,rse,full,closed,yes,yes,rse,no-os
168,IA64_OP_ALLOC,live,rse,gr|ar|cfm|rse|memory,gr|ar|cfm|rse|memory,normal,special,memory|rse|privileged,serialize,focused-helper,rse-spine,rse,full,closed,yes,yes,rse,no-os
169,IA64_OP_FLUSHRS,live,rse,gr|ar|cfm|rse|memory,gr|ar|cfm|rse|memory,normal,special,memory|rse|privileged,serialize,focused-helper,rse-spine,rse,full,closed,yes,yes,rse,no-os
170,IA64_OP_LOADRS,live,rse,gr|ar|cfm|rse|memory,gr|ar|cfm|rse|memory,normal,special,memory|rse|privileged,serialize,focused-helper,rse-spine,rse,full,closed,yes,yes,rse,no-os
171,IA64_OP_ITR_D,live,mmu,gr|cr|translation,translation,normal,consume,privileged|nat,serialize,focused-helper,system-plane,full-tcg,full,closed,yes,yes,no-os,no-os
172,IA64_OP_ITR_I,live,mmu,gr|cr|translation,translation,normal,consume,privileged|nat,serialize,focused-helper,system-plane,full-tcg,full,closed,yes,yes,no-os,no-os
173,IA64_OP_PTR_D,live,mmu,gr|cr|translation,translation,normal,consume,privileged|nat,serialize,focused-helper,system-plane,full-tcg,full,closed,yes,yes,no-os,no-os
174,IA64_OP_PTR_I,live,mmu,gr|cr|translation,translation,normal,consume,privileged|nat,serialize,focused-helper,system-plane,full-tcg,full,closed,yes,yes,no-os,no-os
175,IA64_OP_PTC_L,live,mmu,gr|cr|translation,translation,normal,consume,privileged|nat,serialize,focused-helper,system-plane,full-tcg,full,closed,yes,yes,no-os,no-os
176,IA64_OP_PTC_G,live,mmu,gr|cr|translation,translation,normal,consume,privileged|nat,serialize,focused-helper,system-plane,full-tcg,full,closed,yes,yes,no-os,no-os
177,IA64_OP_RFI,live,interruption-return,cr|psr|cfm|rse,psr|cfm|rse|ip|interrupt,none,special,memory|rse|privileged,interruption-return,focused-helper,rfi,rse,full,closed,yes,yes,rse,snapshot
178,IA64_OP_LDFD,live,floating-load,gr|memory,gr|fr,normal,memory,memory,continue,focused-helper,special-ldst,data-plane,full,closed,yes,yes,memory,no-os
179,IA64_OP_LDFS,live,floating-load,gr|memory,gr|fr,normal,memory,memory,continue,focused-helper,special-ldst,data-plane,full,closed,yes,yes,memory,no-os
180,IA64_OP_LDF_FILL,live,floating-load,gr|memory,gr|fr,normal,memory,memory,continue,focused-helper,special-ldst,data-plane,full,closed,yes,yes,memory,no-os
181,IA64_OP_STFD,live,floating-store,gr|fr,gr|memory,normal,consume,memory|fp,continue,focused-helper,special-ldst,data-plane,full,closed,yes,yes,memory,no-os
182,IA64_OP_STFS,live,floating-store,gr|fr,gr|memory,normal,consume,memory|fp,continue,focused-helper,special-ldst,data-plane,full,closed,yes,yes,memory,no-os
183,IA64_OP_STF_SPILL,live,floating-store,gr|fr,gr|memory,normal,consume,memory|fp,continue,focused-helper,special-ldst,data-plane,full,closed,yes,yes,memory,no-os
184,IA64_OP_FADD,live,floating-compute,fr|control,fr|pr|control,normal,special,fp,continue,focused-helper,data-plane,data-plane,full,closed,yes,yes,none,no-os
185,IA64_OP_FSUB,live,floating-compute,fr|control,fr|pr|control,normal,special,fp,continue,focused-helper,data-plane,data-plane,full,closed,yes,yes,none,no-os
186,IA64_OP_FMPY,live,floating-compute,fr|control,fr|pr|control,normal,special,fp,continue,focused-helper,data-plane,data-plane,full,closed,yes,yes,none,no-os
187,IA64_OP_FMA,live,floating-compute,fr|control,fr|pr|control,normal,special,fp,continue,focused-helper,data-plane,data-plane,full,closed,yes,yes,none,no-os
188,IA64_OP_XMA_L,live,floating-compute,fr|control,fr|pr|control,normal,special,fp,continue,direct-tcg,none,full-tcg,full,closed,yes,yes,none,no-os
189,IA64_OP_XMA_H,live,floating-compute,fr|control,fr|pr|control,normal,special,fp,continue,direct-tcg,none,full-tcg,full,closed,yes,yes,none,no-os
190,IA64_OP_XMA_HU,live,floating-compute,fr|control,fr|pr|control,normal,special,fp,continue,direct-tcg,none,full-tcg,full,closed,yes,yes,none,no-os
191,IA64_OP_XMPY_HU,live,floating-compute,fr|control,fr|pr|control,normal,special,fp,continue,direct-tcg,none,full-tcg,full,closed,yes,yes,none,no-os
192,IA64_OP_FCMP,live,floating-compute,fr|control,fr|pr|control,normal,special,fp,continue,focused-helper,data-plane,data-plane,full,closed,yes,yes,none,no-os
193,IA64_OP_FMOV,decoder-dead-alias,floating-compute,fr|control,fr|pr|control,normal,special,fp,continue,canonical-alias,none,decode,n/a,alias-canonicalized,n/a,n/a,none,none
194,IA64_OP_FCVT_XF,live,floating-compute,fr|control,fr|pr|control,normal,special,fp,continue,direct-tcg,none,full-tcg,full,closed,yes,yes,none,no-os
195,IA64_OP_FCVT_FX,live,floating-compute,fr|control,fr|pr|control,normal,special,fp,continue,focused-helper,data-plane,data-plane,full,closed,yes,yes,none,no-os
196,IA64_OP_FCVT_FXU,live,floating-compute,fr|control,fr|pr|control,normal,special,fp,continue,focused-helper,data-plane,data-plane,full,closed,yes,yes,none,no-os
197,IA64_OP_GETF_D,live,floating-compute,fr|control,fr|pr|control,normal,special,fp,continue,focused-helper,data-plane,data-plane,full,closed,yes,yes,none,no-os
198,IA64_OP_GETF_S,live,floating-compute,fr|control,fr|pr|control,normal,special,fp,continue,focused-helper,data-plane,data-plane,full,closed,yes,yes,none,no-os
199,IA64_OP_GETF_EXP,live,floating-compute,fr|control,fr|pr|control,normal,special,fp,continue,direct-tcg,none,full-tcg,full,closed,yes,yes,none,no-os
200,IA64_OP_SETF_D,live,floating-compute,fr|control,fr|pr|control,normal,special,fp,continue,focused-helper,data-plane,data-plane,full,closed,yes,yes,none,no-os
201,IA64_OP_SETF_S,live,floating-compute,fr|control,fr|pr|control,normal,special,fp,continue,focused-helper,data-plane,data-plane,full,closed,yes,yes,none,no-os
202,IA64_OP_SETF_EXP,live,floating-compute,fr|control,fr|pr|control,normal,special,fp,continue,direct-tcg,none,full-tcg,full,closed,yes,yes,none,no-os
203,IA64_OP_TPA,live,mmu,gr|cr|translation,translation,normal,consume,privileged|nat,serialize,focused-helper,system-plane,full-tcg,full,closed,yes,yes,no-os,no-os
204,IA64_OP_SYNC_I,live,state-control,gr|psr|control,psr|control,normal,none,privileged,serialize,direct-tcg,none,full-tcg,full,closed,yes,yes,none,no-os
205,IA64_OP_CHK_S,live,checked-alat,gr|alat,gr|pr|alat|ip,normal,special,explicit,control-flow,focused-helper,data-plane,data-plane,full,closed,yes,yes,none,no-os
206,IA64_OP_CHK_A,live,checked-alat,gr|alat,gr|pr|alat|ip,normal,special,explicit,control-flow,focused-helper,data-plane,data-plane,full,closed,yes,yes,none,no-os
207,IA64_OP_CHK_A_CLR,live,checked-alat,gr|alat,gr|pr|alat|ip,normal,special,explicit,control-flow,focused-helper,data-plane,data-plane,full,closed,yes,yes,none,no-os
208,IA64_OP_SRLZ,live,state-control,gr|psr|control,psr|control,normal,none,privileged,serialize,direct-tcg,none,full-tcg,full,closed,yes,yes,none,no-os
209,IA64_OP_SRLZ_D,live,state-control,gr|psr|control,psr|control,normal,none,privileged,serialize,direct-tcg,none,full-tcg,full,closed,yes,yes,none,no-os
210,IA64_OP_MF,live,state-control,gr|psr|control,psr|control,normal,none,privileged,serialize,direct-tcg,none,full-tcg,full,closed,yes,yes,none,no-os
211,IA64_OP_MF_A,live,state-control,gr|psr|control,psr|control,normal,none,privileged,serialize,direct-tcg,none,full-tcg,full,closed,yes,yes,none,no-os
212,IA64_OP_FWB,live,cache,gr|memory,memory|translation,normal,consume,memory|privileged,serialize,direct-tcg,none,data-plane,full,closed,yes,yes,memory,no-os
213,IA64_OP_PROBE_R,live,mmu,gr|cr|translation,translation,normal,consume,privileged|nat,serialize,focused-helper,system-plane,full-tcg,full,closed,yes,yes,no-os,no-os
214,IA64_OP_PROBE_W,live,mmu,gr|cr|translation,translation,normal,consume,privileged|nat,serialize,focused-helper,system-plane,full-tcg,full,closed,yes,yes,no-os,no-os
215,IA64_OP_PROBE_RW,live,mmu,gr|cr|translation,translation,normal,consume,privileged|nat,serialize,focused-helper,system-plane,full-tcg,full,closed,yes,yes,no-os,no-os
216,IA64_OP_TAK,live,mmu,gr|cr|translation,translation,normal,consume,privileged|nat,serialize,focused-helper,system-plane,full-tcg,full,closed,yes,yes,no-os,no-os
217,IA64_OP_THASH,live,mmu,gr|cr|translation,translation,normal,consume,privileged|nat,serialize,focused-helper,system-plane,full-tcg,full,closed,yes,yes,no-os,no-os
218,IA64_OP_TTAG,live,mmu,gr|cr|translation,translation,normal,consume,privileged|nat,serialize,focused-helper,system-plane,full-tcg,full,closed,yes,yes,no-os,no-os
219,IA64_OP_FC,live,cache,gr|memory,memory|translation,normal,consume,memory|privileged,serialize,focused-helper,data-plane,data-plane,full,closed,yes,yes,memory,no-os
220,IA64_OP_INVALA,live,cache,gr|memory,memory|translation,normal,consume,memory|privileged,serialize,focused-helper,data-plane,data-plane,full,closed,yes,yes,memory,no-os
221,IA64_OP_BR_WEXIT,live,branch,pr|br|ar|ip,pr|ar|ip,normal,none,none,control-flow,direct-tcg,none,full-tcg,full,closed,yes,yes,none,no-os
222,IA64_OP_BR_WTOP,live,branch,pr|br|ar|ip,pr|ar|ip,normal,none,none,control-flow,direct-tcg,none,full-tcg,full,closed,yes,yes,none,no-os
223,IA64_OP_BR_CEXIT,live,branch,pr|br|ar|ip,pr|ar|ip,normal,none,none,control-flow,direct-tcg,none,full-tcg,full,closed,yes,yes,none,no-os
224,IA64_OP_BR_CTOP,live,branch,pr|br|ar|ip,pr|ar|ip,normal,none,none,control-flow,direct-tcg,none,full-tcg,full,closed,yes,yes,none,no-os
225,IA64_OP_FCLASS,live,floating-compute,fr|control,fr|pr|control,normal,special,fp,continue,direct-tcg,none,full-tcg,full,closed,yes,yes,none,no-os
226,IA64_OP_FMERGE,live,floating-compute,fr|control,fr|pr|control,normal,special,fp,continue,direct-tcg,none,full-tcg,full,closed,yes,yes,none,no-os
227,IA64_OP_CMP4_EQ,live,integer-compare,gr,pr,special,consume,nat,continue,direct-tcg,none,full-tcg,full,closed,yes,yes,none,no-os
228,IA64_OP_CMP4_LT,live,integer-compare,gr,pr,special,consume,nat,continue,direct-tcg,none,full-tcg,full,closed,yes,yes,none,no-os
229,IA64_OP_CMP4_LE,decoder-dead-alias,integer-compare,gr,pr,special,consume,nat,continue,canonical-alias,none,decode,n/a,alias-canonicalized,n/a,n/a,none,none
230,IA64_OP_CMP4_GT,decoder-dead-alias,integer-compare,gr,pr,special,consume,nat,continue,canonical-alias,none,decode,n/a,alias-canonicalized,n/a,n/a,none,none
231,IA64_OP_CMP4_GE,decoder-dead-alias,integer-compare,gr,pr,special,consume,nat,continue,canonical-alias,none,decode,n/a,alias-canonicalized,n/a,n/a,none,none
232,IA64_OP_CMP4_LTU,live,integer-compare,gr,pr,special,consume,nat,continue,direct-tcg,none,full-tcg,full,closed,yes,yes,none,no-os
233,IA64_OP_CMP4_LEU,decoder-dead-alias,integer-compare,gr,pr,special,consume,nat,continue,canonical-alias,none,decode,n/a,alias-canonicalized,n/a,n/a,none,none
234,IA64_OP_CMP4_GTU,decoder-dead-alias,integer-compare,gr,pr,special,consume,nat,continue,canonical-alias,none,decode,n/a,alias-canonicalized,n/a,n/a,none,none
235,IA64_OP_CMP4_GEU,decoder-dead-alias,integer-compare,gr,pr,special,consume,nat,continue,canonical-alias,none,decode,n/a,alias-canonicalized,n/a,n/a,none,none
236,IA64_OP_CMP4_EQ_IMM,live,integer-compare,gr,pr,special,consume,nat,continue,direct-tcg,none,full-tcg,full,closed,yes,yes,none,no-os
237,IA64_OP_CMP4_LT_IMM,live,integer-compare,gr,pr,special,consume,nat,continue,direct-tcg,none,full-tcg,full,closed,yes,yes,none,no-os
238,IA64_OP_CMP4_LTU_IMM,live,integer-compare,gr,pr,special,consume,nat,continue,direct-tcg,none,full-tcg,full,closed,yes,yes,none,no-os
239,IA64_OP_CMP4_EQ_AND_IMM,live,integer-compare,gr,pr,special,consume,nat,continue,direct-tcg,none,full-tcg,full,closed,yes,yes,none,no-os
240,IA64_OP_CMP4_NE_AND_IMM,live,integer-compare,gr,pr,special,consume,nat,continue,direct-tcg,none,full-tcg,full,closed,yes,yes,none,no-os
241,IA64_OP_CMP4_EQ_OR_IMM,live,integer-compare,gr,pr,special,consume,nat,continue,direct-tcg,none,full-tcg,full,closed,yes,yes,none,no-os
242,IA64_OP_CMP4_NE_OR_IMM,live,integer-compare,gr,pr,special,consume,nat,continue,direct-tcg,none,full-tcg,full,closed,yes,yes,none,no-os
243,IA64_OP_TBIT_Z,live,predicate-test,gr,pr,special,consume,none,continue,direct-tcg,none,full-tcg,full,closed,yes,yes,none,no-os
244,IA64_OP_TBIT_NZ,live,predicate-test,gr,pr,special,consume,none,continue,direct-tcg,none,full-tcg,full,closed,yes,yes,none,no-os
245,IA64_OP_TBIT_Z_OR_ANDCM,decoder-dead-alias,predicate-test,gr,pr,special,consume,none,continue,canonical-alias,none,decode,n/a,alias-canonicalized,n/a,n/a,none,none
246,IA64_OP_TBIT_NZ_OR_ANDCM,decoder-dead-alias,predicate-test,gr,pr,special,consume,none,continue,canonical-alias,none,decode,n/a,alias-canonicalized,n/a,n/a,none,none
247,IA64_OP_TNAT_Z,live,predicate-test,gr,pr,special,consume,none,continue,direct-tcg,none,full-tcg,full,closed,yes,yes,none,no-os
248,IA64_OP_TNAT_NZ,live,predicate-test,gr,pr,special,consume,none,continue,direct-tcg,none,full-tcg,full,closed,yes,yes,none,no-os
249,IA64_OP_TNAT_NZ_AND,decoder-dead-alias,predicate-test,gr,pr,special,consume,none,continue,canonical-alias,none,decode,n/a,alias-canonicalized,n/a,n/a,none,none
250,IA64_OP_TF_Z,live,predicate-test,gr,pr,special,consume,none,continue,direct-tcg,none,full-tcg,full,closed,yes,yes,none,no-os
251,IA64_OP_TF_NZ,live,predicate-test,gr,pr,special,consume,none,continue,direct-tcg,none,full-tcg,full,closed,yes,yes,none,no-os
252,IA64_OP_LD1C_CLR,live,integer-load,gr|memory,gr|alat,normal,memory,memory,continue,focused-helper,special-ldst,data-plane,full,closed,yes,yes,memory,no-os
253,IA64_OP_LD2C_CLR,live,integer-load,gr|memory,gr|alat,normal,memory,memory,continue,focused-helper,special-ldst,data-plane,full,closed,yes,yes,memory,no-os
254,IA64_OP_LD4C_CLR,live,integer-load,gr|memory,gr|alat,normal,memory,memory,continue,focused-helper,special-ldst,data-plane,full,closed,yes,yes,memory,no-os
255,IA64_OP_LD8C_CLR,live,integer-load,gr|memory,gr|alat,normal,memory,memory,continue,focused-helper,special-ldst,data-plane,full,closed,yes,yes,memory,no-os
256,IA64_OP_LD1C_NC,live,integer-load,gr|memory,gr|alat,normal,memory,memory,continue,focused-helper,special-ldst,data-plane,full,closed,yes,yes,memory,no-os
257,IA64_OP_LD2C_NC,live,integer-load,gr|memory,gr|alat,normal,memory,memory,continue,focused-helper,special-ldst,data-plane,full,closed,yes,yes,memory,no-os
258,IA64_OP_LD4C_NC,live,integer-load,gr|memory,gr|alat,normal,memory,memory,continue,focused-helper,special-ldst,data-plane,full,closed,yes,yes,memory,no-os
259,IA64_OP_LD8C_NC,live,integer-load,gr|memory,gr|alat,normal,memory,memory,continue,focused-helper,special-ldst,data-plane,full,closed,yes,yes,memory,no-os
260,IA64_OP_SHLADDP4,live,integer,gr,gr,normal,propagate,nat,continue,direct-tcg,none,full-tcg,full,closed,yes,yes,none,no-os
261,IA64_OP_MPY4,live,packed-integer,gr,gr,normal,propagate,nat,continue,direct-tcg,none,full-tcg,full,closed,yes,yes,none,no-os
262,IA64_OP_MPYSHL4,live,packed-integer,gr,gr,normal,propagate,nat,continue,direct-tcg,none,full-tcg,full,closed,yes,yes,none,no-os
263,IA64_OP_MPYSH,decoder-dead-alias,packed-integer,gr,gr,normal,propagate,nat,continue,canonical-alias,none,decode,n/a,alias-canonicalized,n/a,n/a,none,none
264,IA64_OP_MPYUH,decoder-dead-alias,packed-integer,gr,gr,normal,propagate,nat,continue,canonical-alias,none,decode,n/a,alias-canonicalized,n/a,n/a,none,none
265,IA64_OP_HINT_M,live,hint,none,none,normal,none,none,continue,direct-tcg,none,full-tcg,full,closed,yes,yes,none,no-os
266,IA64_OP_LFETCH,live,memory-hint,gr,memory,normal,consume,memory,continue,direct-tcg,none,data-plane,full,closed,yes,yes,none,no-os
267,IA64_OP_LFETCH_FAULT,live,memory-hint,gr,memory,normal,consume,memory,continue,focused-helper,data-plane,data-plane,full,closed,yes,yes,none,no-os
268,IA64_OP_HINT_I,live,hint,none,none,normal,none,none,continue,direct-tcg,none,full-tcg,full,closed,yes,yes,none,no-os
269,IA64_OP_HINT_B,live,hint,none,none,normal,none,none,continue,direct-tcg,none,full-tcg,full,closed,yes,yes,none,no-os
270,IA64_OP_HINT_F,live,hint,none,none,normal,none,none,continue,direct-tcg,none,full-tcg,full,closed,yes,yes,none,no-os
271,IA64_OP_HINT_X,live,hint,none,none,normal,none,none,continue,direct-tcg,none,full-tcg,full,closed,yes,yes,none,no-os
272,IA64_OP_PTC_E,live,mmu,gr|cr|translation,translation,normal,consume,privileged|nat,serialize,focused-helper,system-plane,full-tcg,full,closed,yes,yes,no-os,no-os
273,IA64_OP_CLRRRB,live,rse,gr|ar|cfm|rse|memory,gr|ar|cfm|rse|memory,normal,special,memory|rse|privileged,serialize,focused-helper,rse-spine,rse,full,closed,yes,yes,rse,no-os
274,IA64_OP_CLRRRB_PR,live,rse,gr|ar|cfm|rse|memory,gr|ar|cfm|rse|memory,normal,special,memory|rse|privileged,serialize,focused-helper,rse-spine,rse,full,closed,yes,yes,rse,no-os
275,IA64_OP_CLZ,live,integer,gr,gr,normal,propagate,nat,continue,direct-tcg,none,full-tcg,full,closed,yes,yes,none,no-os
276,IA64_OP_POPCNT,live,packed-integer,gr,gr,normal,propagate,nat,continue,direct-tcg,none,full-tcg,full,closed,yes,yes,none,no-os
277,IA64_OP_MUX,decoder-dead-alias,packed-integer,gr,gr,normal,propagate,nat,continue,canonical-alias,none,decode,n/a,alias-canonicalized,n/a,n/a,none,none
278,IA64_OP_LDFP8,live,floating-load,gr|memory,gr|fr,normal,memory,memory,continue,focused-helper,special-ldst,data-plane,full,closed,yes,yes,memory,no-os
279,IA64_OP_LDFPD,live,floating-load,gr|memory,gr|fr,normal,memory,memory,continue,focused-helper,special-ldst,data-plane,full,closed,yes,yes,memory,no-os
280,IA64_OP_LDFPS,live,floating-load,gr|memory,gr|fr,normal,memory,memory,continue,focused-helper,special-ldst,data-plane,full,closed,yes,yes,memory,no-os
281,IA64_OP_FMERGE_S,live,floating-compute,fr|control,fr|pr|control,normal,special,fp,continue,direct-tcg,none,full-tcg,full,closed,yes,yes,none,no-os
282,IA64_OP_FMERGE_SE,live,floating-compute,fr|control,fr|pr|control,normal,special,fp,continue,direct-tcg,none,full-tcg,full,closed,yes,yes,none,no-os
283,IA64_OP_FMIN,live,floating-compute,fr|control,fr|pr|control,normal,special,fp,continue,focused-helper,data-plane,data-plane,full,closed,yes,yes,none,no-os
284,IA64_OP_FMAX,live,floating-compute,fr|control,fr|pr|control,normal,special,fp,continue,focused-helper,data-plane,data-plane,full,closed,yes,yes,none,no-os
285,IA64_OP_FAMIN,live,floating-compute,fr|control,fr|pr|control,normal,special,fp,continue,focused-helper,data-plane,data-plane,full,closed,yes,yes,none,no-os
286,IA64_OP_FAMAX,live,floating-compute,fr|control,fr|pr|control,normal,special,fp,continue,focused-helper,data-plane,data-plane,full,closed,yes,yes,none,no-os
287,IA64_OP_FRCPA,live,floating-compute,fr|control,fr|pr|control,normal,special,fp,continue,focused-helper,data-plane,data-plane,full,closed,yes,yes,none,no-os
288,IA64_OP_FPRCPA,live,floating-compute,fr|control,fr|pr|control,normal,special,fp,continue,focused-helper,data-plane,data-plane,full,closed,yes,yes,none,no-os
289,IA64_OP_FSETC,live,floating-compute,fr|control,fr|pr|control,normal,special,fp,continue,direct-tcg,none,full-tcg,full,closed,yes,yes,none,no-os
290,IA64_OP_FCLRF,live,floating-compute,fr|control,fr|pr|control,normal,special,fp,continue,direct-tcg,none,full-tcg,full,closed,yes,yes,none,no-os
291,IA64_OP_FCHKF,live,floating-compute,fr|control,fr|pr|control,normal,special,fp,continue,direct-tcg,none,full-tcg,full,closed,yes,yes,none,no-os
292,IA64_OP_GETF_SIG,live,floating-compute,fr|control,fr|pr|control,normal,special,fp,continue,direct-tcg,none,full-tcg,full,closed,yes,yes,none,no-os
293,IA64_OP_SETF_SIG,live,floating-compute,fr|control,fr|pr|control,normal,special,fp,continue,direct-tcg,none,full-tcg,full,closed,yes,yes,none,no-os
294,IA64_OP_ITC_D,live,mmu,gr|cr|translation,translation,normal,consume,privileged|nat,serialize,focused-helper,system-plane,full-tcg,full,closed,yes,yes,no-os,no-os
295,IA64_OP_ITC_I,live,mmu,gr|cr|translation,translation,normal,consume,privileged|nat,serialize,focused-helper,system-plane,full-tcg,full,closed,yes,yes,no-os,no-os
296,IA64_OP_PTC_GA,live,mmu,gr|cr|translation,translation,normal,consume,privileged|nat,serialize,focused-helper,system-plane,full-tcg,full,closed,yes,yes,no-os,no-os
297,IA64_OP_MOV_PSRGR,live,system-register-move,gr|control,gr|control,normal,special,privileged,serialize,focused-helper,system-plane,full-tcg,full,closed,yes,yes,no-os,no-os
298,IA64_OP_MOV_GRPSR,live,system-register-move,gr|control,gr|control,normal,special,privileged,serialize,focused-helper,system-plane,full-tcg,full,closed,yes,yes,no-os,no-os
299,IA64_OP_MOV_RRGR,live,system-register-move,gr|control,gr|control,normal,special,privileged,serialize,focused-helper,system-plane,full-tcg,full,closed,yes,yes,no-os,no-os
300,IA64_OP_MOV_GRRR,live,system-register-move,gr|control,gr|control,normal,special,privileged,serialize,focused-helper,system-plane,full-tcg,full,closed,yes,yes,no-os,no-os
301,IA64_OP_BSW0,live,state-control,gr|psr|control,psr|control,normal,none,privileged,serialize,focused-helper,system-plane,full-tcg,full,closed,yes,yes,no-os,no-os
302,IA64_OP_BSW1,live,state-control,gr|psr|control,psr|control,normal,none,privileged,serialize,focused-helper,system-plane,full-tcg,full,closed,yes,yes,no-os,no-os
303,IA64_OP_BRL_COND,live,branch,pr|br|ar|ip,pr|ar|ip,normal,none,none,control-flow,direct-tcg,none,full-tcg,full,closed,yes,yes,none,no-os
304,IA64_OP_BRL_CALL,live,call,pr|br|cfm|rse,br|ar|cfm|rse|ip,normal,none,rse,control-flow,direct-tcg,call-frame,full-tcg,full,closed,yes,yes,none,no-os
305,IA64_OP_ADDP4,live,integer,gr,gr,normal,propagate,nat,continue,direct-tcg,none,full-tcg,full,closed,yes,yes,none,no-os
306,IA64_OP_ADDP4_IMM,live,integer,gr,gr,normal,propagate,nat,continue,direct-tcg,none,full-tcg,full,closed,yes,yes,none,no-os
307,IA64_OP_EPC,live,state-control,gr|psr|control,psr|control,normal,none,privileged,serialize,focused-helper,system-plane,full-tcg,full,closed,yes,yes,no-os,no-os
308,IA64_OP_INVALAT,live,cache,gr|memory,memory|translation,normal,consume,memory|privileged,serialize,focused-helper,data-plane,data-plane,full,closed,yes,yes,memory,no-os
309,IA64_OP_MOV_PKRGR,decoder-dead-alias,system-register-move,gr|control,gr|control,normal,special,privileged,serialize,canonical-alias,none,decode,n/a,alias-canonicalized,n/a,n/a,none,none
310,IA64_OP_MOV_PKRGR_INDEXED,live,system-register-move,gr|control,gr|control,normal,special,privileged,serialize,focused-helper,system-plane,full-tcg,full,closed,yes,yes,no-os,no-os
311,IA64_OP_MOV_GRPKR,decoder-dead-alias,system-register-move,gr|control,gr|control,normal,special,privileged,serialize,canonical-alias,none,decode,n/a,alias-canonicalized,n/a,n/a,none,none
312,IA64_OP_MOV_GRPKR_INDEXED,live,system-register-move,gr|control,gr|control,normal,special,privileged,serialize,focused-helper,system-plane,full-tcg,full,closed,yes,yes,no-os,no-os
313,IA64_OP_MOV_UMGR,live,system-register-move,gr|control,gr|control,normal,special,privileged,serialize,direct-tcg,none,full-tcg,full,closed,yes,yes,none,no-os
314,IA64_OP_MOV_GRUM,live,system-register-move,gr|control,gr|control,normal,special,privileged,serialize,focused-helper,system-plane,full-tcg,full,closed,yes,yes,no-os,no-os
315,IA64_OP_MOV_IBRGR,decoder-dead-alias,system-register-move,gr|control,gr|control,normal,special,privileged,serialize,canonical-alias,none,decode,n/a,alias-canonicalized,n/a,n/a,none,none
316,IA64_OP_MOV_GRIBR,decoder-dead-alias,system-register-move,gr|control,gr|control,normal,special,privileged,serialize,canonical-alias,none,decode,n/a,alias-canonicalized,n/a,n/a,none,none
317,IA64_OP_MOV_IBRGR_INDEXED,live,system-register-move,gr|control,gr|control,normal,special,privileged,serialize,focused-helper,system-plane,full-tcg,full,closed,yes,yes,no-os,no-os
318,IA64_OP_MOV_GRIBR_INDEXED,live,system-register-move,gr|control,gr|control,normal,special,privileged,serialize,focused-helper,system-plane,full-tcg,full,closed,yes,yes,no-os,no-os
319,IA64_OP_MOV_DBRGR,decoder-dead-alias,system-register-move,gr|control,gr|control,normal,special,privileged,serialize,canonical-alias,none,decode,n/a,alias-canonicalized,n/a,n/a,none,none
320,IA64_OP_MOV_GRDBR,decoder-dead-alias,system-register-move,gr|control,gr|control,normal,special,privileged,serialize,canonical-alias,none,decode,n/a,alias-canonicalized,n/a,n/a,none,none
321,IA64_OP_MOV_DBRGR_INDEXED,live,system-register-move,gr|control,gr|control,normal,special,privileged,serialize,focused-helper,system-plane,full-tcg,full,closed,yes,yes,no-os,no-os
322,IA64_OP_MOV_GRDBR_INDEXED,live,system-register-move,gr|control,gr|control,normal,special,privileged,serialize,focused-helper,system-plane,full-tcg,full,closed,yes,yes,no-os,no-os
323,IA64_OP_MOV_PMCGR,decoder-dead-alias,system-register-move,gr|control,gr|control,normal,special,privileged,serialize,canonical-alias,none,decode,n/a,alias-canonicalized,n/a,n/a,none,none
324,IA64_OP_MOV_GRPMC,decoder-dead-alias,system-register-move,gr|control,gr|control,normal,special,privileged,serialize,canonical-alias,none,decode,n/a,alias-canonicalized,n/a,n/a,none,none
325,IA64_OP_MOV_PMCGR_INDEXED,live,system-register-move,gr|control,gr|control,normal,special,privileged,serialize,focused-helper,system-plane,full-tcg,full,closed,yes,yes,no-os,no-os
326,IA64_OP_MOV_GRPMC_INDEXED,live,system-register-move,gr|control,gr|control,normal,special,privileged,serialize,focused-helper,system-plane,full-tcg,full,closed,yes,yes,no-os,no-os
327,IA64_OP_MOV_PMDGR,decoder-dead-alias,system-register-move,gr|control,gr|control,normal,special,privileged,serialize,canonical-alias,none,decode,n/a,alias-canonicalized,n/a,n/a,none,none
328,IA64_OP_MOV_GRPMD,decoder-dead-alias,system-register-move,gr|control,gr|control,normal,special,privileged,serialize,canonical-alias,none,decode,n/a,alias-canonicalized,n/a,n/a,none,none
329,IA64_OP_MOV_PMDGR_INDEXED,live,system-register-move,gr|control,gr|control,normal,special,privileged,serialize,focused-helper,system-plane,full-tcg,full,closed,yes,yes,no-os,no-os
330,IA64_OP_MOV_GRPMD_INDEXED,live,system-register-move,gr|control,gr|control,normal,special,privileged,serialize,focused-helper,system-plane,full-tcg,full,closed,yes,yes,no-os,no-os
331,IA64_OP_MOV_CPUID,decoder-dead-alias,system-register-move,gr|control,gr|control,normal,special,privileged,serialize,canonical-alias,none,decode,n/a,alias-canonicalized,n/a,n/a,none,none
332,IA64_OP_MOV_CPUID_INDEXED,live,system-register-move,gr|control,gr|control,normal,special,privileged,serialize,focused-helper,system-plane,full-tcg,full,closed,yes,yes,no-os,no-os
333,IA64_OP_MOV_DAHRGR_INDEXED,live,system-register-move,gr|control,gr|control,normal,special,privileged,serialize,focused-helper,system-plane,full-tcg,full,closed,yes,yes,no-os,no-os
334,IA64_OP_MOV_MSRGR,live,system-register-move,gr|control,gr|control,normal,special,privileged,serialize,focused-helper,system-plane,full-tcg,full,closed,yes,yes,no-os,no-os
335,IA64_OP_MOV_GRMSR,live,system-register-move,gr|control,gr|control,normal,special,privileged,serialize,focused-helper,system-plane,full-tcg,full,closed,yes,yes,no-os,no-os
336,IA64_OP_MOV_IP,decoder-dead-alias,system-register-move,gr|control,gr|control,normal,special,privileged,serialize,canonical-alias,none,decode,n/a,alias-canonicalized,n/a,n/a,none,none
337,IA64_OP_MOV_CURRENT_IP,live,system-register-move,gr|control,gr|control,normal,special,privileged,serialize,direct-tcg,none,full-tcg,full,closed,yes,yes,none,no-os
338,IA64_OP_FMS,live,floating-compute,fr|control,fr|pr|control,normal,special,fp,continue,focused-helper,data-plane,data-plane,full,closed,yes,yes,none,no-os
339,IA64_OP_FNMA,live,floating-compute,fr|control,fr|pr|control,normal,special,fp,continue,focused-helper,data-plane,data-plane,full,closed,yes,yes,none,no-os
340,IA64_OP_FSELECT,live,floating-compute,fr|control,fr|pr|control,normal,special,fp,continue,direct-tcg,none,full-tcg,full,closed,yes,yes,none,no-os
341,IA64_OP_FNORM,live,floating-compute,fr|control,fr|pr|control,normal,special,fp,continue,focused-helper,data-plane,data-plane,full,closed,yes,yes,none,no-os
342,IA64_OP_FPABS,live,floating-compute,fr|control,fr|pr|control,normal,special,fp,continue,direct-tcg,none,full-tcg,full,closed,yes,yes,none,no-os
343,IA64_OP_FPNEG,live,floating-compute,fr|control,fr|pr|control,normal,special,fp,continue,direct-tcg,none,full-tcg,full,closed,yes,yes,none,no-os
344,IA64_OP_FPNEGABS,live,floating-compute,fr|control,fr|pr|control,normal,special,fp,continue,direct-tcg,none,full-tcg,full,closed,yes,yes,none,no-os
345,IA64_OP_FPRSQRTA,live,floating-compute,fr|control,fr|pr|control,normal,special,fp,continue,focused-helper,data-plane,data-plane,full,closed,yes,yes,none,no-os
346,IA64_OP_FRSQRTA,live,floating-compute,fr|control,fr|pr|control,normal,special,fp,continue,focused-helper,data-plane,data-plane,full,closed,yes,yes,none,no-os
347,IA64_OP_FPACK,live,floating-compute,fr|control,fr|pr|control,normal,special,fp,continue,focused-helper,data-plane,data-plane,full,closed,yes,yes,none,no-os
348,IA64_OP_FAND,live,floating-compute,fr|control,fr|pr|control,normal,special,fp,continue,direct-tcg,none,full-tcg,full,closed,yes,yes,none,no-os
349,IA64_OP_FANDCM,live,floating-compute,fr|control,fr|pr|control,normal,special,fp,continue,direct-tcg,none,full-tcg,full,closed,yes,yes,none,no-os
350,IA64_OP_FOR,live,floating-compute,fr|control,fr|pr|control,normal,special,fp,continue,direct-tcg,none,full-tcg,full,closed,yes,yes,none,no-os
351,IA64_OP_FXOR,live,floating-compute,fr|control,fr|pr|control,normal,special,fp,continue,direct-tcg,none,full-tcg,full,closed,yes,yes,none,no-os
352,IA64_OP_FSWAP,live,floating-compute,fr|control,fr|pr|control,normal,special,fp,continue,direct-tcg,none,full-tcg,full,closed,yes,yes,none,no-os
353,IA64_OP_FSWAP_NL,live,floating-compute,fr|control,fr|pr|control,normal,special,fp,continue,direct-tcg,none,full-tcg,full,closed,yes,yes,none,no-os
354,IA64_OP_FSWAP_NR,live,floating-compute,fr|control,fr|pr|control,normal,special,fp,continue,direct-tcg,none,full-tcg,full,closed,yes,yes,none,no-os
355,IA64_OP_FMIX_LR,live,floating-compute,fr|control,fr|pr|control,normal,special,fp,continue,direct-tcg,none,full-tcg,full,closed,yes,yes,none,no-os
356,IA64_OP_FMIX_R,live,floating-compute,fr|control,fr|pr|control,normal,special,fp,continue,direct-tcg,none,full-tcg,full,closed,yes,yes,none,no-os
357,IA64_OP_FMIX_L,live,floating-compute,fr|control,fr|pr|control,normal,special,fp,continue,direct-tcg,none,full-tcg,full,closed,yes,yes,none,no-os
358,IA64_OP_FSXT_R,live,floating-compute,fr|control,fr|pr|control,normal,special,fp,continue,direct-tcg,none,full-tcg,full,closed,yes,yes,none,no-os
359,IA64_OP_FSXT_L,live,floating-compute,fr|control,fr|pr|control,normal,special,fp,continue,direct-tcg,none,full-tcg,full,closed,yes,yes,none,no-os
360,IA64_OP_FPMERGE,live,floating-compute,fr|control,fr|pr|control,normal,special,fp,continue,direct-tcg,none,full-tcg,full,closed,yes,yes,none,no-os
361,IA64_OP_FPMERGE_S,live,floating-compute,fr|control,fr|pr|control,normal,special,fp,continue,direct-tcg,none,full-tcg,full,closed,yes,yes,none,no-os
362,IA64_OP_FPMERGE_SE,live,floating-compute,fr|control,fr|pr|control,normal,special,fp,continue,direct-tcg,none,full-tcg,full,closed,yes,yes,none,no-os
363,IA64_OP_FPMIN,live,floating-compute,fr|control,fr|pr|control,normal,special,fp,continue,focused-helper,data-plane,data-plane,full,closed,yes,yes,none,no-os
364,IA64_OP_FPMAX,live,floating-compute,fr|control,fr|pr|control,normal,special,fp,continue,focused-helper,data-plane,data-plane,full,closed,yes,yes,none,no-os
365,IA64_OP_FPAMIN,live,floating-compute,fr|control,fr|pr|control,normal,special,fp,continue,focused-helper,data-plane,data-plane,full,closed,yes,yes,none,no-os
366,IA64_OP_FPAMAX,live,floating-compute,fr|control,fr|pr|control,normal,special,fp,continue,focused-helper,data-plane,data-plane,full,closed,yes,yes,none,no-os
367,IA64_OP_FPCMP,live,floating-compute,fr|control,fr|pr|control,normal,special,fp,continue,focused-helper,data-plane,data-plane,full,closed,yes,yes,none,no-os
368,IA64_OP_FPCVT,live,floating-compute,fr|control,fr|pr|control,normal,special,fp,continue,focused-helper,data-plane,data-plane,full,closed,yes,yes,none,no-os
369,IA64_OP_FPMA,live,floating-compute,fr|control,fr|pr|control,normal,special,fp,continue,focused-helper,data-plane,data-plane,full,closed,yes,yes,none,no-os
370,IA64_OP_FPMS,live,floating-compute,fr|control,fr|pr|control,normal,special,fp,continue,focused-helper,data-plane,data-plane,full,closed,yes,yes,none,no-os
371,IA64_OP_FPNMA,live,floating-compute,fr|control,fr|pr|control,normal,special,fp,continue,focused-helper,data-plane,data-plane,full,closed,yes,yes,none,no-os
372,IA64_OP_VMSW,live,state-control,gr|psr|control,psr|control,normal,none,privileged,serialize,focused-helper,system-plane,full-tcg,full,closed,yes,yes,no-os,no-os
373,IA64_OP_RUM,live,state-control,gr|psr|control,psr|control,normal,none,privileged,serialize,focused-helper,system-plane,full-tcg,full,closed,yes,yes,no-os,no-os
374,IA64_OP_SUM_UM,live,state-control,gr|psr|control,psr|control,normal,none,privileged,serialize,focused-helper,system-plane,full-tcg,full,closed,yes,yes,no-os,no-os
375,IA64_OP_BRP,live,branch,pr|br|ar|ip,pr|ar|ip,normal,none,none,control-flow,direct-tcg,none,full-tcg,full,closed,yes,yes,none,no-os
376,IA64_OP_PAVG1,live,packed-integer,gr,gr,normal,propagate,nat,continue,direct-tcg,none,full-tcg,full,closed,yes,yes,none,no-os
377,IA64_OP_PAVG2,live,packed-integer,gr,gr,normal,propagate,nat,continue,direct-tcg,none,full-tcg,full,closed,yes,yes,none,no-os
378,IA64_OP_PAVGSUB1,live,packed-integer,gr,gr,normal,propagate,nat,continue,direct-tcg,none,full-tcg,full,closed,yes,yes,none,no-os
379,IA64_OP_PAVGSUB2,live,packed-integer,gr,gr,normal,propagate,nat,continue,direct-tcg,none,full-tcg,full,closed,yes,yes,none,no-os
380,IA64_OP_PCMP1_EQ,live,packed-integer,gr,gr,normal,propagate,nat,continue,direct-tcg,none,full-tcg,full,closed,yes,yes,none,no-os
381,IA64_OP_PCMP1_GT,live,packed-integer,gr,gr,normal,propagate,nat,continue,direct-tcg,none,full-tcg,full,closed,yes,yes,none,no-os
382,IA64_OP_PCMP2_EQ,live,packed-integer,gr,gr,normal,propagate,nat,continue,direct-tcg,none,full-tcg,full,closed,yes,yes,none,no-os
383,IA64_OP_PCMP2_GT,live,packed-integer,gr,gr,normal,propagate,nat,continue,direct-tcg,none,full-tcg,full,closed,yes,yes,none,no-os
384,IA64_OP_PCMP4_EQ,live,packed-integer,gr,gr,normal,propagate,nat,continue,direct-tcg,none,full-tcg,full,closed,yes,yes,none,no-os
385,IA64_OP_PCMP4_GT,live,packed-integer,gr,gr,normal,propagate,nat,continue,direct-tcg,none,full-tcg,full,closed,yes,yes,none,no-os
386,IA64_OP_PMAX1_U,live,packed-integer,gr,gr,normal,propagate,nat,continue,direct-tcg,none,full-tcg,full,closed,yes,yes,none,no-os
387,IA64_OP_PMAX2,live,packed-integer,gr,gr,normal,propagate,nat,continue,direct-tcg,none,full-tcg,full,closed,yes,yes,none,no-os
388,IA64_OP_PMIN1_U,live,packed-integer,gr,gr,normal,propagate,nat,continue,direct-tcg,none,full-tcg,full,closed,yes,yes,none,no-os
389,IA64_OP_PMIN2,live,packed-integer,gr,gr,normal,propagate,nat,continue,direct-tcg,none,full-tcg,full,closed,yes,yes,none,no-os
390,IA64_OP_PMPY2_L,live,packed-integer,gr,gr,normal,propagate,nat,continue,direct-tcg,none,full-tcg,full,closed,yes,yes,none,no-os
391,IA64_OP_PMPY2_R,live,packed-integer,gr,gr,normal,propagate,nat,continue,direct-tcg,none,full-tcg,full,closed,yes,yes,none,no-os
392,IA64_OP_PMPYSH2,live,packed-integer,gr,gr,normal,propagate,nat,continue,direct-tcg,none,full-tcg,full,closed,yes,yes,none,no-os
393,IA64_OP_PMPYSH2_U,live,packed-integer,gr,gr,normal,propagate,nat,continue,direct-tcg,none,full-tcg,full,closed,yes,yes,none,no-os
394,IA64_OP_PSHL2,live,packed-integer,gr,gr,normal,propagate,nat,continue,direct-tcg,none,full-tcg,full,closed,yes,yes,none,no-os
395,IA64_OP_PSHL4,live,packed-integer,gr,gr,normal,propagate,nat,continue,direct-tcg,none,full-tcg,full,closed,yes,yes,none,no-os
396,IA64_OP_PSHR2,live,packed-integer,gr,gr,normal,propagate,nat,continue,direct-tcg,none,full-tcg,full,closed,yes,yes,none,no-os
397,IA64_OP_PSHR2_U,live,packed-integer,gr,gr,normal,propagate,nat,continue,direct-tcg,none,full-tcg,full,closed,yes,yes,none,no-os
398,IA64_OP_PSHR4,live,packed-integer,gr,gr,normal,propagate,nat,continue,direct-tcg,none,full-tcg,full,closed,yes,yes,none,no-os
399,IA64_OP_PSHR4_U,live,packed-integer,gr,gr,normal,propagate,nat,continue,direct-tcg,none,full-tcg,full,closed,yes,yes,none,no-os
400,IA64_OP_PSAD1,live,packed-integer,gr,gr,normal,propagate,nat,continue,direct-tcg,none,full-tcg,full,closed,yes,yes,none,no-os
401,IA64_OP_MUX1,live,packed-integer,gr,gr,normal,propagate,nat,continue,direct-tcg,none,full-tcg,full,closed,yes,yes,none,no-os
402,IA64_OP_MUX2,live,packed-integer,gr,gr,normal,propagate,nat,continue,direct-tcg,none,full-tcg,full,closed,yes,yes,none,no-os
403,IA64_OP_MIX1_L,live,packed-integer,gr,gr,normal,propagate,nat,continue,direct-tcg,none,full-tcg,full,closed,yes,yes,none,no-os
404,IA64_OP_MIX1_R,live,packed-integer,gr,gr,normal,propagate,nat,continue,direct-tcg,none,full-tcg,full,closed,yes,yes,none,no-os
405,IA64_OP_MIX2_L,live,packed-integer,gr,gr,normal,propagate,nat,continue,direct-tcg,none,full-tcg,full,closed,yes,yes,none,no-os
406,IA64_OP_MIX2_R,live,packed-integer,gr,gr,normal,propagate,nat,continue,direct-tcg,none,full-tcg,full,closed,yes,yes,none,no-os
407,IA64_OP_MIX4_L,live,packed-integer,gr,gr,normal,propagate,nat,continue,direct-tcg,none,full-tcg,full,closed,yes,yes,none,no-os
408,IA64_OP_MIX4_R,live,packed-integer,gr,gr,normal,propagate,nat,continue,direct-tcg,none,full-tcg,full,closed,yes,yes,none,no-os
409,IA64_OP_PACK2_SSS,live,packed-integer,gr,gr,normal,propagate,nat,continue,direct-tcg,none,full-tcg,full,closed,yes,yes,none,no-os
410,IA64_OP_PACK2_USS,live,packed-integer,gr,gr,normal,propagate,nat,continue,direct-tcg,none,full-tcg,full,closed,yes,yes,none,no-os
411,IA64_OP_PACK4_SSS,live,packed-integer,gr,gr,normal,propagate,nat,continue,direct-tcg,none,full-tcg,full,closed,yes,yes,none,no-os
412,IA64_OP_UNPACK1_H,live,packed-integer,gr,gr,normal,propagate,nat,continue,direct-tcg,none,full-tcg,full,closed,yes,yes,none,no-os
413,IA64_OP_UNPACK1_L,live,packed-integer,gr,gr,normal,propagate,nat,continue,direct-tcg,none,full-tcg,full,closed,yes,yes,none,no-os
414,IA64_OP_UNPACK2_H,live,packed-integer,gr,gr,normal,propagate,nat,continue,direct-tcg,none,full-tcg,full,closed,yes,yes,none,no-os
415,IA64_OP_UNPACK2_L,live,packed-integer,gr,gr,normal,propagate,nat,continue,direct-tcg,none,full-tcg,full,closed,yes,yes,none,no-os
416,IA64_OP_UNPACK4_H,live,packed-integer,gr,gr,normal,propagate,nat,continue,direct-tcg,none,full-tcg,full,closed,yes,yes,none,no-os
417,IA64_OP_UNPACK4_L,live,packed-integer,gr,gr,normal,propagate,nat,continue,direct-tcg,none,full-tcg,full,closed,yes,yes,none,no-os
418,IA64_OP_SUM,decoder-dead-alias,packed-integer,gr,gr,normal,propagate,nat,continue,canonical-alias,none,decode,n/a,alias-canonicalized,n/a,n/a,none,none
419,IA64_OP_CZX1_L,live,packed-integer,gr,gr,normal,propagate,nat,continue,direct-tcg,none,full-tcg,full,closed,yes,yes,none,no-os
420,IA64_OP_CZX1_R,live,packed-integer,gr,gr,normal,propagate,nat,continue,direct-tcg,none,full-tcg,full,closed,yes,yes,none,no-os
421,IA64_OP_CZX2_L,live,packed-integer,gr,gr,normal,propagate,nat,continue,direct-tcg,none,full-tcg,full,closed,yes,yes,none,no-os
422,IA64_OP_CZX2_R,live,packed-integer,gr,gr,normal,propagate,nat,continue,direct-tcg,none,full-tcg,full,closed,yes,yes,none,no-os
423,IA64_OP_LD16,live,integer-load,gr|memory,gr|alat,normal,memory,memory,continue,direct-tcg,none,data-plane,full,closed,yes,yes,memory,no-os
424,IA64_OP_LDF8,live,floating-load,gr|memory,gr|fr,normal,memory,memory,continue,focused-helper,special-ldst,data-plane,full,closed,yes,yes,memory,no-os
425,IA64_OP_LDFE,live,floating-load,gr|memory,gr|fr,normal,memory,memory,continue,focused-helper,special-ldst,data-plane,full,closed,yes,yes,memory,no-os
426,IA64_OP_STF8,live,floating-store,gr|fr,gr|memory,normal,consume,memory|fp,continue,focused-helper,special-ldst,data-plane,full,closed,yes,yes,memory,no-os
427,IA64_OP_STFE,live,floating-store,gr|fr,gr|memory,normal,consume,memory|fp,continue,focused-helper,special-ldst,data-plane,full,closed,yes,yes,memory,no-os
